<?xml version="1.0" encoding="UTF-8"?>
<?xml-stylesheet type="text/xsl" href="ShowXmlQuestions.xsl" ?>
<assessmentItems>
	<assessmentItem subject="Web" author="jvadillo001@ikasle.ehu.eus">
		<itemBody>
			<p>
				Tag HTML para añadir un formulario
			</p>
		</itemBody>
		<correctResponse>
			<value>
				FORM
			</value>
		</correctResponse>
		<incorrectResponses>
			<value> OBJECT </value>
			<value> TABLE </value>
			<value> DIV </value>
		</incorrectResponses>
	</assessmentItem>
	<assessmentItem subject="Internet" author="rarruabarrena001@ikasle.ehu.eus">
		<itemBody>
			<p>
				Este protocolo acabará funcionando incluso entre dos latas unidas por un cordón
			</p>
		</itemBody>
		<correctResponse>
			<value>
				TCP/IP
			</value>
		</correctResponse>
		<incorrectResponses>
			<value> HTTP </value>
			<value> SMTP </value>
			<value> Ninguna es correcta </value>
		</incorrectResponses>
	</assessmentItem>
	<assessmentItem subject="tema de la pregunta" author="prueba@ehu.es">
		<itemBody>
			<p>enunciado pregunta</p>
		</itemBody>
		<correctResponse>
			<value>
				respuesta correcta
			</value>
		</correctResponse>
		<incorrectResponses>
			<value>respuesta incorrecta 1</value>
			<value>respuesta incorrecta 2</value>
			<value>respuesta incorrecta 3</value>
		</incorrectResponses>
	</assessmentItem>
</assessmentItems>
